,filename
0,0_0.jpg
1,0_1.jpg
2,0_2.jpg
3,0_3.jpg
4,0_4.jpg
5,10_0.jpg
6,10_1.jpg
7,10_2.jpg
8,10_3.jpg
9,10_4.jpg
10,10_5.jpg
11,11_0.jpg
12,11_1.jpg
13,11_2.jpg
14,11_3.jpg
15,11_4.jpg
16,12_0.jpg
17,12_1.jpg
18,12_2.jpg
19,12_3.jpg
20,12_4.jpg
21,13_0.jpg
22,13_1.jpg
23,13_2.jpg
24,13_3.jpg
25,13_4.jpg
26,13_5.jpg
27,14_0.jpg
28,14_1.jpg
29,14_2.jpg
30,14_3.jpg
31,14_4.jpg
32,15_0.jpg
33,15_1.jpg
34,15_2.jpg
35,15_3.jpg
36,15_4.jpg
37,15_5.jpg
38,16_0.jpg
39,16_1.jpg
40,16_2.jpg
41,16_3.jpg
42,16_4.jpg
43,17_0.jpg
44,17_1.jpg
45,17_2.jpg
46,17_3.jpg
47,17_4.jpg
48,18_0.jpg
49,18_1.jpg
50,18_2.jpg
51,18_3.jpg
52,18_4.jpg
53,19_0.jpg
54,19_1.jpg
55,19_2.jpg
56,19_3.jpg
57,19_4.jpg
58,1_0.jpg
59,1_1.jpg
60,1_2.jpg
61,1_3.jpg
62,1_4.jpg
63,1_5.jpg
64,20_0.jpg
65,20_1.jpg
66,20_2.jpg
67,20_3.jpg
68,20_4.jpg
69,21_0.jpg
70,21_1.jpg
71,21_2.jpg
72,21_3.jpg
73,21_4.jpg
74,22_0.jpg
75,22_1.jpg
76,22_2.jpg
77,22_3.jpg
78,22_4.jpg
79,23_0.jpg
80,23_1.jpg
81,23_2.jpg
82,23_3.jpg
83,23_4.jpg
84,24_0.jpg
85,24_1.jpg
86,24_2.jpg
87,24_3.jpg
88,24_4.jpg
89,25_0.jpg
90,25_1.jpg
91,25_2.jpg
92,25_3.jpg
93,25_4.jpg
94,26_0.jpg
95,26_1.jpg
96,26_2.jpg
97,26_3.jpg
98,26_4.jpg
99,26_5.jpg
100,27_0.jpg
101,27_1.jpg
102,27_2.jpg
103,27_3.jpg
104,27_4.jpg
105,28_0.jpg
106,28_1.jpg
107,28_2.jpg
108,28_3.jpg
109,29_0.jpg
110,29_1.jpg
111,29_2.jpg
112,29_3.jpg
113,29_4.jpg
114,2_0.jpg
115,2_1.jpg
116,2_2.jpg
117,2_3.jpg
118,2_4.jpg
119,30_0.jpg
120,30_1.jpg
121,30_2.jpg
122,30_3.jpg
123,30_4.jpg
124,31_0.jpg
125,31_1.jpg
126,31_2.jpg
127,31_3.jpg
128,31_4.jpg
129,32_0.jpg
130,32_1.jpg
131,32_2.jpg
132,32_3.jpg
133,32_4.jpg
134,33_0.jpg
135,33_1.jpg
136,33_2.jpg
137,33_3.jpg
138,33_4.jpg
139,34_0.jpg
140,34_1.jpg
141,34_2.jpg
142,34_3.jpg
143,34_4.jpg
144,35_0.jpg
145,35_1.jpg
146,35_2.jpg
147,35_3.jpg
148,35_4.jpg
149,35_5.jpg
150,36_0.jpg
151,36_1.jpg
152,36_2.jpg
153,36_3.jpg
154,36_4.jpg
155,37_0.jpg
156,37_1.jpg
157,37_2.jpg
158,37_3.jpg
159,37_4.jpg
160,38_0.jpg
161,38_1.jpg
162,38_2.jpg
163,38_3.jpg
164,38_4.jpg
165,39_0.jpg
166,39_1.jpg
167,39_2.jpg
168,39_3.jpg
169,39_4.jpg
170,39_5.jpg
171,3_0.jpg
172,3_1.jpg
173,3_2.jpg
174,3_3.jpg
175,3_4.jpg
176,40_0.jpg
177,40_1.jpg
178,40_2.jpg
179,40_3.jpg
180,40_4.jpg
181,41_0.jpg
182,41_1.jpg
183,41_2.jpg
184,41_3.jpg
185,41_4.jpg
186,42_0.jpg
187,42_1.jpg
188,42_2.jpg
189,42_3.jpg
190,42_4.jpg
191,43_0.jpg
192,43_1.jpg
193,43_2.jpg
194,43_3.jpg
195,43_4.jpg
196,43_5.jpg
197,44_0.jpg
198,44_1.jpg
199,44_2.jpg
200,44_3.jpg
201,44_4.jpg
202,45_0.jpg
203,45_1.jpg
204,45_2.jpg
205,45_3.jpg
206,45_4.jpg
207,46_0.jpg
208,46_1.jpg
209,46_2.jpg
210,46_3.jpg
211,46_4.jpg
212,47_0.jpg
213,47_1.jpg
214,47_2.jpg
215,47_3.jpg
216,47_4.jpg
217,48_0.jpg
218,48_1.jpg
219,48_2.jpg
220,48_3.jpg
221,48_4.jpg
222,49_0.jpg
223,49_1.jpg
224,49_2.jpg
225,49_3.jpg
226,49_4.jpg
227,4_0.jpg
228,4_1.jpg
229,4_2.jpg
230,4_3.jpg
231,4_4.jpg
232,50_0.jpg
233,50_1.jpg
234,50_2.jpg
235,50_3.jpg
236,50_4.jpg
237,51_0.jpg
238,51_1.jpg
239,51_2.jpg
240,51_3.jpg
241,51_4.jpg
242,52_0.jpg
243,52_1.jpg
244,52_2.jpg
245,52_3.jpg
246,52_4.jpg
247,53_0.jpg
248,53_1.jpg
249,53_2.jpg
250,53_3.jpg
251,53_4.jpg
252,54_0.jpg
253,54_1.jpg
254,54_2.jpg
255,54_3.jpg
256,54_4.jpg
257,55_0.jpg
258,55_1.jpg
259,55_2.jpg
260,55_3.jpg
261,55_4.jpg
262,56_0.jpg
263,56_1.jpg
264,56_2.jpg
265,56_3.jpg
266,56_4.jpg
267,57_0.jpg
268,57_1.jpg
269,57_2.jpg
270,57_3.jpg
271,57_4.jpg
272,58_0.jpg
273,58_1.jpg
274,58_2.jpg
275,58_3.jpg
276,58_4.jpg
277,59_0.jpg
278,59_1.jpg
279,59_2.jpg
280,59_3.jpg
281,59_4.jpg
282,5_0.jpg
283,5_1.jpg
284,5_2.jpg
285,5_3.jpg
286,5_4.jpg
287,60_0.jpg
288,60_1.jpg
289,60_2.jpg
290,60_3.jpg
291,60_4.jpg
292,61_0.jpg
293,61_1.jpg
294,61_2.jpg
295,61_3.jpg
296,61_4.jpg
297,62_0.jpg
298,62_1.jpg
299,62_2.jpg
300,62_3.jpg
301,62_4.jpg
302,63_0.jpg
303,63_1.jpg
304,63_2.jpg
305,63_3.jpg
306,63_4.jpg
307,63_5.jpg
308,64_0.jpg
309,64_1.jpg
310,64_2.jpg
311,64_3.jpg
312,64_4.jpg
313,65_0.jpg
314,65_1.jpg
315,65_2.jpg
316,65_3.jpg
317,65_4.jpg
318,66_0.jpg
319,66_1.jpg
320,66_2.jpg
321,66_3.jpg
322,66_4.jpg
323,67_0.jpg
324,67_1.jpg
325,67_2.jpg
326,67_3.jpg
327,67_4.jpg
328,67_5.jpg
329,68_0.jpg
330,68_1.jpg
331,68_2.jpg
332,68_3.jpg
333,68_4.jpg
334,69_0.jpg
335,69_1.jpg
336,69_2.jpg
337,69_3.jpg
338,69_4.jpg
339,6_0.jpg
340,6_1.jpg
341,6_2.jpg
342,6_3.jpg
343,6_4.jpg
344,6_5.jpg
345,70_0.jpg
346,70_1.jpg
347,70_2.jpg
348,70_3.jpg
349,70_4.jpg
350,71_0.jpg
351,71_1.jpg
352,71_2.jpg
353,71_3.jpg
354,71_4.jpg
355,72_0.jpg
356,72_1.jpg
357,72_2.jpg
358,72_3.jpg
359,72_4.jpg
360,73_0.jpg
361,73_1.jpg
362,73_2.jpg
363,73_3.jpg
364,73_4.jpg
365,74_0.jpg
366,74_1.jpg
367,74_2.jpg
368,74_3.jpg
369,74_4.jpg
370,75_0.jpg
371,75_1.jpg
372,75_2.jpg
373,75_3.jpg
374,75_4.jpg
375,76_0.jpg
376,76_1.jpg
377,76_2.jpg
378,76_3.jpg
379,76_4.jpg
380,77_0.jpg
381,77_1.jpg
382,77_2.jpg
383,77_3.jpg
384,77_4.jpg
385,78_0.jpg
386,78_1.jpg
387,78_2.jpg
388,78_3.jpg
389,78_4.jpg
390,79_0.jpg
391,79_1.jpg
392,79_2.jpg
393,79_3.jpg
394,79_4.jpg
395,7_0.jpg
396,7_1.jpg
397,7_2.jpg
398,7_3.jpg
399,7_4.jpg
400,8_0.jpg
401,8_1.jpg
402,8_2.jpg
403,8_3.jpg
404,8_4.jpg
405,9_0.jpg
406,9_1.jpg
407,9_2.jpg
408,9_3.jpg
409,9_4.jpg
410,9_5.jpg
